<?xml version="1.0" encoding="UTF-8" ?>
<configuration>
    <include optional="true" file="/etc/xroad/conf.d/jetty-logback-context-name.xml" />

    <property name="logOutputPath" value="/var/log/xroad/jetty" />

    <appender name="FILE" class="ch.qos.logback.core.rolling.RollingFileAppender">
        <file>${logOutputPath}/jetty.log</file>
        <rollingPolicy class="ch.qos.logback.core.rolling.TimeBasedRollingPolicy">
            <fileNamePattern>${logOutputPath}/jetty.%d{yyyy-MM-dd}.%i.log.zip</fileNamePattern>
            <timeBasedFileNamingAndTriggeringPolicy class="ch.qos.logback.core.rolling.SizeAndTimeBasedFNATP">
                <maxFileSize>100MB</maxFileSize>
            </timeBasedFileNamingAndTriggeringPolicy>
        </rollingPolicy>
        <encoder>
            <pattern>%d [%thread] %-5level %logger{36} - %msg%n</pattern>
            <charset>UTF-8</charset>
        </encoder>
    </appender>

    <appender name="SYSLOG" class="ch.qos.logback.classic.net.SyslogAppender">
        <filter class="ch.qos.logback.core.filter.EvaluatorFilter">
            <evaluator class="ch.qos.logback.classic.boolex.OnMarkerEvaluator">
                <marker>AUDIT</marker>
            </evaluator>
            <onMismatch>DENY</onMismatch>
            <onMatch>NEUTRAL</onMatch>
        </filter>
        <syslogHost>localhost</syslogHost>
        <port>514</port>
        <facility>LOCAL0</facility>
        <suffixPattern>%-5level [%contextName] %d{yyyy-MM-dd HH:mm:ssZ} - %msg</suffixPattern>
    </appender>

    <logger name="ee.ria.xroad" level="INFO" />

    <root level="INFO">
        <appender-ref ref="FILE" />
        <appender-ref ref="SYSLOG" />
    </root>


</configuration>

