<?xml version="1.0"?>
<!DOCTYPE Configure PUBLIC "-//Jetty//Configure//EN" "http://www.eclipse.org/jetty/configure.dtd">

<!-- =============================================================== -->
<!-- Configure SSL for the Jetty Server                              -->
<!-- this configuration file should be used in combination with      -->
<!-- other configuration files.  e.g.                                -->
<!--    java -jar start.jar etc/jetty-ssl.xml                        -->
<!--                                                                 -->
<!--  alternately, add to the start.ini for easier usage             -->
<!-- =============================================================== -->
<Configure id="Server" class="org.eclipse.jetty.server.Server">

  <!-- if NIO is not available, use org.eclipse.jetty.server.ssl.SslSocketConnector -->

  <New id="sslContextFactory" class="org.eclipse.jetty.http.ssl.SslContextFactory">
    <Set name="KeyStore"><Property name="jetty.home" default="." />/etc/keystore-central</Set>
    <Set name="KeyStorePassword">password</Set>
    <Set name="KeyManagerPassword">password</Set>
    <Set name="TrustStore"><Property name="jetty.home" default="." />/etc/keystore-central</Set>
    <Set name="TrustStorePassword">password</Set>
  </New>

  <Call name="addConnector">
    <Arg>
      <New class="org.eclipse.jetty.server.ssl.SslSelectChannelConnector">
        <Arg><Ref id="sslContextFactory" /></Arg>
        <Set name="Port">8443</Set>
        <Set name="maxIdleTime">30000</Set>
        <Set name="Acceptors">2</Set>
        <Set name="AcceptQueueSize">100</Set>
      </New>
    </Arg>
  </Call>
</Configure>
