<?xml version='1.0' encoding='utf-8'?>
<!DOCTYPE hibernate-mapping PUBLIC
    "-//Hibernate/Hibernate Mapping DTD//EN"
    "http://www.hibernate.org/dtd/hibernate-mapping-3.0.dtd">
<hibernate-mapping>

    <class name="ee.ria.xroad.common.messagelog.AbstractLogRecord" table="LOGRECORD">
        <id name="id" type="long" access="field">
            <generator class="native"/>
        </id>

        <discriminator column="DISCRIMINATOR" type="string"/>

        <property name="time" access="field"/>
        <property name="archived" access="field"/>

        <subclass name="ee.ria.xroad.common.messagelog.MessageRecord" discriminator-value="m">
            <property name="queryId" access="field" type="string"/>
            <property name="message" access="field" type="text"/>
            <property name="signature" access="field" type="text"/>

            <property name="memberClass" access="field" type="string"/>
            <property name="memberCode" access="field" type="string"/>
            <property name="subsystemCode" access="field" type="string"/>

            <property name="hashChain" access="field" type="text"/>
            <property name="hashChainResult" access="field" type="text"/>

            <property name="signatureHash" access="field" type="text"/>

            <many-to-one name="timestampRecord" access="field" cascade="none" lazy="false"
                         class="ee.ria.xroad.common.messagelog.TimestampRecord"/>

            <property name="timestampHashChain" access="field" type="text"/>
            <property name="response" access="field" type="boolean"/>
            <property name="attachment" access="field" lazy="true" type="blob" update="false"/>
            <property name="xRequestId" access="field" type="string"/>
        </subclass>

        <subclass name="ee.ria.xroad.common.messagelog.TimestampRecord" discriminator-value="t">
            <property name="timestamp" access="field" type="text"/>
            <property name="hashChainResult" access="field" type="text"/>
        </subclass>

    </class>

    <class name="ee.ria.xroad.common.messagelog.archive.DigestEntry" table="LAST_ARCHIVE_DIGEST">
        <id name="id" type="long" access="field">
            <generator class="native"/>
        </id>

        <property name="digest" access="field" type="text"/>
        <property name="fileName" access="field" type="string"/>
    </class>

    <!--
    Implementation notes:

    Correctness (and performance) of this query assumes that log records are archived in primary key order
    (if archived(id1) = true and archived(id2) = false then id1 < id2). The current log archiving implementation
    keeps this property.

    The extra "id > 0" condition makes PostgreSQL to prefer index scan using primary key,
    which is faster than table scan if the log is large.
    -->

    <sql-query name="delete-logrecords">
        <![CDATA[
        DELETE FROM logrecord
          WHERE archived = true
          AND time <= :time
          AND id > 0
          AND id <= (SELECT max(l.id) FROM (
            SELECT id FROM logrecord ORDER BY id LIMIT :limit) l)
        ]]>
    </sql-query>

</hibernate-mapping>
